ship_id,base_length,base_breadth,base_area,max_containers_per_stack,max_capacity,empty_slots,origin_port,destination_port,arrival_time
S3542705,6,2,12,1,12,6,P387,P878,2024-10-13 19:01:04
S7834667,8,4,32,1,32,23,P854,P783,2024-10-13 19:04:46
S7891383,9,4,36,1,36,22,P783,P469,2024-10-13 19:09:14
S8225602,3,3,9,1,9,0,P205,P783,2024-10-13 19:12:33
S2148011,8,5,40,2,80,71,P261,P688,2024-10-13 19:17:25
S4921232,8,4,32,1,32,24,P791,P246,2024-10-13 19:29:54
S3867679,4,4,16,3,48,41,P847,P783,2024-10-13 19:33:52
S3362550,9,2,18,2,36,27,P246,P149,2024-10-13 19:46:58
S9970044,6,4,24,2,48,40,P205,P583,2024-10-13 19:47:24
S3942463,3,5,15,3,45,25,P392,P153,2024-10-13 19:55:11
S2711992,5,2,10,2,20,12,P847,P205,2024-10-13 19:56:00
S4324690,2,3,6,3,18,11,P224,P246,2024-10-13 20:03:58
S8617514,2,2,4,2,8,0,P469,P366,2024-10-13 20:10:16
S7242845,5,4,20,2,40,27,P366,P472,2024-10-13 20:13:14
S7146229,4,5,20,3,60,49,P878,P864,2024-10-13 20:17:01
S8178303,5,2,10,2,20,9,P612,P854,2024-10-13 20:20:24
S5639940,5,3,15,3,45,38,P552,P789,2024-10-13 20:30:41
S1800547,5,2,10,2,20,11,P552,P940,2024-10-13 20:31:04
S6523949,4,2,8,3,24,16,P583,P847,2024-10-13 20:32:34
S8246338,9,4,36,2,72,64,P940,P583,2024-10-13 20:36:42
S5865327,3,5,15,2,30,14,P393,P878,2024-10-13 20:36:47
S8509755,9,5,45,2,90,80,P387,P688,2024-10-13 20:40:16
S1265479,3,5,15,3,45,33,P940,P392,2024-10-13 20:42:15
S3010419,6,4,24,3,72,58,P878,P854,2024-10-13 20:43:30
S3052781,8,2,16,1,16,9,P940,P789,2024-10-13 20:48:39
S9516099,4,5,20,2,40,27,P392,P878,2024-10-13 20:56:23
S9762496,6,5,30,3,90,80,P224,P791,2024-10-13 20:58:20
S2901623,9,5,45,2,90,86,P783,P393,2024-10-13 21:20:49
S8776777,7,5,35,1,35,22,P224,P791,2024-10-13 21:22:09
S4062619,6,3,18,1,18,7,P224,P878,2024-10-13 21:27:06
S0171464,7,2,14,1,14,3,P612,P928,2024-10-13 21:29:51
S1738638,4,3,12,1,12,3,P246,P940,2024-10-13 21:32:46
S3841447,8,3,24,3,72,65,P864,P149,2024-10-13 21:40:39
S6945217,5,5,25,2,50,43,P153,P612,2024-10-13 21:42:10
S5902180,4,4,16,3,48,35,P583,P153,2024-10-13 21:47:03
S4730338,4,4,16,2,32,27,P224,P791,2024-10-13 21:50:26
S0578728,9,3,27,2,54,44,P387,P261,2024-10-13 21:52:10
S6986626,6,2,12,3,36,26,P393,P612,2024-10-13 22:04:57
S7432916,6,5,30,1,30,25,P153,P878,2024-10-13 22:05:09
S2637686,3,4,12,1,12,3,P261,P783,2024-10-13 22:10:30
S5422961,7,3,21,2,42,33,P392,P854,2024-10-13 22:26:03
S8176405,6,2,12,1,12,2,P224,P583,2024-10-13 22:27:43
S5747319,4,4,16,1,16,3,P854,P205,2024-10-13 22:30:32
S7200769,7,3,21,3,63,54,P688,P864,2024-10-13 22:42:21
S1782701,4,2,8,3,24,12,P940,P472,2024-10-13 22:49:56
S2211843,5,3,15,1,15,4,P392,P847,2024-10-13 22:56:26
S8348947,7,4,28,1,28,19,P224,P472,2024-10-13 23:07:56
S0096604,6,4,24,1,24,18,P387,P847,2024-10-13 23:08:17
S5782732,7,4,28,2,56,48,P864,P366,2024-10-13 23:11:21
S3744721,9,4,36,3,108,99,P205,P153,2024-10-13 23:13:20
S2741653,2,5,10,2,20,9,P261,P688,2024-10-13 23:16:33
S4179870,9,4,36,2,72,61,P472,P854,2024-10-13 23:17:53
S6873410,8,2,16,1,16,3,P791,P393,2024-10-13 23:18:09
S1436472,6,2,12,2,24,10,P854,P366,2024-10-13 23:23:06
S9778486,6,5,30,3,90,82,P153,P864,2024-10-13 23:27:07
S1647502,8,3,24,1,24,17,P583,P864,2024-10-13 23:27:27
S2343435,4,5,20,3,60,44,P583,P612,2024-10-13 23:28:01
S7034345,5,4,20,1,20,12,P393,P847,2024-10-13 23:28:15
S9257882,4,3,12,2,24,15,P940,P149,2024-10-13 23:30:52
S9063212,3,5,15,3,45,32,P612,P878,2024-10-13 23:31:46
S4103669,5,2,10,1,10,0,P847,P261,2024-10-13 23:43:18
S3514693,6,3,18,3,54,40,P393,P469,2024-10-13 23:56:12
S6414930,5,2,10,3,30,22,P472,P791,2024-10-14 00:05:44
S6724649,3,2,6,3,18,6,P612,P366,2024-10-14 00:27:29
S0636259,5,2,10,3,30,17,P612,P153,2024-10-14 00:30:44
S9573316,7,3,21,2,42,33,P791,P928,2024-10-14 00:31:55
S1945625,4,3,12,2,24,15,P224,P261,2024-10-14 00:35:33
S8268078,8,3,24,2,48,33,P149,P878,2024-10-14 00:36:45
S2677081,4,4,16,1,16,6,P552,P688,2024-10-14 00:41:26
S9541012,2,2,4,3,12,0,P366,P387,2024-10-14 00:43:27
S2556044,6,4,24,1,24,11,P261,P246,2024-10-14 00:47:51
S3070649,2,4,8,3,24,15,P878,P261,2024-10-14 00:54:09
S6913821,7,5,35,2,70,63,P791,P864,2024-10-14 01:03:14
S0789679,5,2,10,3,30,17,P864,P205,2024-10-14 01:10:17
S6566465,5,3,15,3,45,31,P387,P878,2024-10-14 01:17:09
S2818827,6,2,12,2,24,18,P847,P864,2024-10-14 01:18:07
S2092982,5,3,15,1,15,6,P847,P864,2024-10-14 01:18:21
S9580330,2,4,8,1,8,0,P940,P864,2024-10-14 01:19:13
S9881965,6,4,24,3,72,63,P783,P854,2024-10-14 01:21:47
S6890968,2,2,4,3,12,0,P783,P878,2024-10-14 01:26:32
S7424136,7,2,14,3,42,31,P878,P928,2024-10-14 01:41:31
S1011118,2,3,6,2,12,4,P472,P583,2024-10-14 01:46:24
S7561136,5,4,20,1,20,4,P688,P612,2024-10-14 01:48:09
S3075211,6,5,30,1,30,19,P783,P791,2024-10-14 01:55:53
S1244395,3,4,12,1,12,0,P789,P392,2024-10-14 01:58:34
S6668220,7,5,35,1,35,32,P847,P153,2024-10-14 02:00:08
S1650324,6,5,30,2,60,53,P149,P789,2024-10-14 02:15:46
S6841098,8,3,24,2,48,35,P261,P149,2024-10-14 02:20:58
S4247981,9,2,18,2,36,27,P583,P783,2024-10-14 02:26:42
S6570666,2,2,4,2,8,0,P261,P552,2024-10-14 02:27:42
S9851054,3,3,9,1,9,0,P878,P854,2024-10-14 02:33:55
S9731172,2,4,8,2,16,3,P928,P387,2024-10-14 02:41:49
S4370361,3,5,15,3,45,33,P612,P261,2024-10-14 02:42:08
S0824560,2,5,10,3,30,17,P472,P552,2024-10-14 02:44:28
S3011171,4,4,16,1,16,3,P153,P469,2024-10-14 03:01:25
S6288533,9,4,36,3,108,101,P392,P612,2024-10-14 03:03:28
S5247188,7,2,14,2,28,14,P472,P469,2024-10-14 03:12:24
S9741739,2,3,6,3,18,11,P612,P791,2024-10-14 03:16:01
S7637121,6,4,24,3,72,54,P854,P472,2024-10-14 03:19:42
S4061701,7,4,28,2,56,46,P392,P864,2024-10-14 03:25:56
S0779971,7,5,35,2,70,61,P878,P472,2024-10-14 03:35:15
S0925066,3,4,12,2,24,13,P469,P205,2024-10-14 03:39:07
S5891667,7,3,21,3,63,53,P246,P387,2024-10-14 03:40:33
S9830946,7,4,28,3,84,75,P393,P205,2024-10-14 03:42:09
S7662282,8,4,32,1,32,24,P393,P791,2024-10-14 03:51:48
S4388708,9,3,27,3,81,66,P149,P789,2024-10-14 03:58:52
S4312768,5,4,20,3,60,47,P878,P783,2024-10-14 04:03:46
S4092268,5,4,20,3,60,49,P552,P878,2024-10-14 04:06:24
S4148906,6,2,12,3,36,30,P583,P789,2024-10-14 04:08:52
S4280218,4,2,8,1,8,0,P387,P791,2024-10-14 04:12:55
S3188581,2,3,6,2,12,0,P393,P246,2024-10-14 04:14:14
S9978817,9,4,36,1,36,27,P472,P392,2024-10-14 04:26:33
S1912906,5,2,10,2,20,3,P789,P688,2024-10-14 04:29:32
S3248442,7,4,28,2,56,48,P392,P878,2024-10-14 04:34:48
S7700000,5,3,15,1,15,7,P847,P583,2024-10-14 04:41:03
S1448246,2,2,4,2,8,0,P205,P583,2024-10-14 04:42:09
S8707502,3,4,12,2,24,11,P854,P940,2024-10-14 04:46:40
S4662076,6,5,30,3,90,75,P783,P149,2024-10-14 04:49:49
S7152461,3,5,15,1,15,5,P552,P789,2024-10-14 04:53:39
S5863576,9,3,27,2,54,46,P205,P261,2024-10-14 05:02:12
S2905179,8,2,16,3,48,43,P392,P393,2024-10-14 05:07:11
S7827330,5,3,15,3,45,34,P552,P393,2024-10-14 05:17:21
S0919631,5,3,15,1,15,6,P688,P224,2024-10-14 05:18:52
S8039158,9,3,27,3,81,62,P791,P783,2024-10-14 05:28:14
S0034549,3,5,15,3,45,35,P783,P261,2024-10-14 05:36:48
S0231774,7,2,14,2,28,23,P246,P789,2024-10-14 05:53:05
S1966951,4,2,8,2,16,1,P878,P224,2024-10-14 05:54:29
S1828325,7,5,35,3,105,96,P789,P261,2024-10-14 05:55:36
S6874752,9,5,45,1,45,31,P847,P552,2024-10-14 05:57:02
S7882586,2,4,8,1,8,0,P783,P153,2024-10-14 06:10:41
S3330246,5,2,10,3,30,16,P789,P153,2024-10-14 06:13:35
S9073647,3,3,9,1,9,0,P688,P928,2024-10-14 06:21:01
S6849210,8,3,24,2,48,35,P612,P469,2024-10-14 06:21:04
S9864531,2,3,6,2,12,0,P583,P847,2024-10-14 06:24:18
S8792216,7,5,35,1,35,24,P366,P246,2024-10-14 06:28:57
S8602307,5,4,20,1,20,3,P940,P149,2024-10-14 06:32:39
S8799574,2,4,8,2,16,2,P224,P854,2024-10-14 06:40:02
S0555302,5,5,25,1,25,15,P940,P153,2024-10-14 06:52:59
S1322271,2,3,6,1,6,0,P783,P552,2024-10-14 06:55:01
S2918557,8,5,40,2,80,75,P205,P789,2024-10-14 06:55:27
S1494964,3,2,6,1,6,0,P224,P847,2024-10-14 07:04:22
S3839341,4,3,12,2,24,10,P224,P783,2024-10-14 07:06:05
S1474699,6,5,30,3,90,84,P688,P789,2024-10-14 07:07:12
S5595809,3,2,6,1,6,0,P878,P928,2024-10-14 07:10:45
S5858822,4,5,20,2,40,33,P688,P783,2024-10-14 07:11:00
S6452899,3,4,12,3,36,27,P583,P612,2024-10-14 07:12:53
S8573689,4,2,8,2,16,4,P246,P153,2024-10-14 07:15:46
S7280156,6,2,12,3,36,24,P612,P854,2024-10-14 07:18:12
S3063525,5,4,20,2,40,25,P393,P612,2024-10-14 07:23:47
S7833285,5,2,10,2,20,11,P783,P393,2024-10-14 07:33:27
S0464247,7,3,21,3,63,53,P149,P472,2024-10-14 07:47:10
S5946862,8,3,24,3,72,61,P940,P472,2024-10-14 07:55:13
S5877968,6,4,24,2,48,40,P688,P789,2024-10-14 08:03:16
S5013638,3,4,12,2,24,19,P791,P392,2024-10-14 08:10:44
S2462256,2,2,4,3,12,4,P864,P246,2024-10-14 08:12:42
S3624027,5,5,25,2,50,42,P864,P261,2024-10-14 08:14:25
S4173461,3,2,6,1,6,0,P688,P928,2024-10-14 08:16:00
S4724773,3,4,12,1,12,3,P847,P854,2024-10-14 08:19:33
S8555968,8,2,16,2,32,25,P864,P791,2024-10-14 08:20:24
S8168934,7,5,35,1,35,27,P928,P261,2024-10-14 08:25:55
S9277595,5,5,25,3,75,60,P153,P688,2024-10-14 08:28:54
S7378135,9,4,36,1,36,28,P552,P387,2024-10-14 08:33:46
S6065898,2,3,6,2,12,3,P688,P791,2024-10-14 08:43:23
S3324915,2,3,6,3,18,4,P246,P854,2024-10-14 08:44:39
S2916217,4,5,20,1,20,11,P149,P393,2024-10-14 08:51:35
S2745558,6,2,12,3,36,26,P789,P928,2024-10-14 08:57:03
S6216970,8,3,24,3,72,62,P847,P864,2024-10-14 09:04:39
S4321159,8,5,40,2,80,69,P688,P791,2024-10-14 09:07:27
S5680988,9,4,36,2,72,61,P789,P688,2024-10-14 09:18:26
S5898666,7,3,21,3,63,48,P205,P261,2024-10-14 09:18:57
S4469912,9,5,45,3,135,118,P205,P392,2024-10-14 09:22:03
S0871144,5,5,25,3,75,67,P783,P791,2024-10-14 09:30:36
S3288121,4,4,16,1,16,2,P854,P878,2024-10-14 09:33:40
S1707498,2,2,4,2,8,0,P153,P149,2024-10-14 09:44:03
S6710132,6,5,30,2,60,52,P246,P205,2024-10-14 09:46:24
S6791969,9,2,18,1,18,9,P864,P783,2024-10-14 09:50:35
S3437787,4,2,8,2,16,12,P783,P149,2024-10-14 09:51:50
S0533734,2,5,10,3,30,22,P878,P393,2024-10-14 09:51:58
S0578452,6,4,24,3,72,59,P847,P854,2024-10-14 09:59:30
S0011749,3,5,15,1,15,8,P847,P940,2024-10-14 10:07:10
S2351560,2,2,4,3,12,5,P246,P552,2024-10-14 10:22:27
S2086571,4,5,20,1,20,6,P205,P387,2024-10-14 10:39:55
S8963260,3,4,12,2,24,12,P552,P854,2024-10-14 10:43:08
S3671970,4,3,12,2,24,11,P149,P246,2024-10-14 10:51:16
S0275016,9,4,36,1,36,17,P783,P791,2024-10-14 11:16:55
S3293399,3,3,9,1,9,1,P791,P469,2024-10-14 11:23:39
S8469843,4,5,20,3,60,44,P392,P149,2024-10-14 11:37:50
S4983438,6,2,12,1,12,0,P149,P783,2024-10-14 11:45:29
S3308339,6,5,30,1,30,21,P224,P246,2024-10-14 11:58:08
S3198623,8,4,32,1,32,18,P261,P472,2024-10-14 12:01:40
S9941565,4,3,12,2,24,18,P783,P864,2024-10-14 12:02:54
S3333977,7,2,14,2,28,13,P612,P928,2024-10-14 12:22:15
S7725676,2,4,8,2,16,7,P864,P393,2024-10-14 12:25:46
S5620583,9,3,27,2,54,50,P612,P153,2024-10-14 12:26:28
S8639707,9,5,45,2,90,81,P688,P789,2024-10-14 12:26:48
S0482897,9,3,27,1,27,17,P149,P791,2024-10-14 12:30:22
S1350986,7,3,21,1,21,14,P940,P366,2024-10-14 12:31:55
S7151712,5,4,20,3,60,49,P789,P224,2024-10-14 12:32:01
S3376628,4,4,16,3,48,41,P366,P261,2024-10-14 12:33:39
S2016485,4,2,8,1,8,0,P224,P928,2024-10-14 12:36:12
S7507516,3,3,9,1,9,0,P791,P393,2024-10-14 12:48:22
S3862095,2,4,8,3,24,9,P783,P791,2024-10-14 12:53:46
S1581242,8,2,16,1,16,6,P552,P261,2024-10-14 13:03:36
S0473101,4,3,12,2,24,15,P878,P387,2024-10-14 13:10:26
S8957687,5,2,10,2,20,13,P783,P612,2024-10-14 13:21:28
S1170974,5,4,20,1,20,12,P149,P366,2024-10-14 13:25:55
S0557218,5,5,25,1,25,15,P205,P246,2024-10-14 13:33:16
S8576500,4,5,20,1,20,4,P472,P469,2024-10-14 13:49:28
S7747105,5,2,10,3,30,17,P847,P583,2024-10-14 13:50:51
S7168381,5,4,20,1,20,11,P472,P205,2024-10-14 13:55:50
S7954335,6,4,24,1,24,11,P246,P583,2024-10-14 13:56:40
S9996163,4,2,8,1,8,0,P783,P791,2024-10-14 14:00:43
S1478291,5,4,20,3,60,49,P940,P864,2024-10-14 14:02:36
S2332549,6,5,30,1,30,22,P224,P472,2024-10-14 14:06:33
S7014310,2,4,8,2,16,4,P612,P783,2024-10-14 14:08:02
S7948302,9,2,18,2,36,25,P366,P783,2024-10-14 14:16:27
S7599242,4,2,8,3,24,13,P791,P393,2024-10-14 14:20:22
S7640643,9,3,27,2,54,45,P783,P472,2024-10-14 14:24:57
S2020543,6,4,24,3,72,65,P791,P149,2024-10-14 14:38:24
S3432460,6,2,12,1,12,3,P472,P261,2024-10-14 14:50:11
S9350075,7,2,14,1,14,5,P224,P789,2024-10-14 14:56:44
S2266735,9,3,27,1,27,16,P878,P583,2024-10-14 14:57:15
S8059592,4,3,12,2,24,8,P469,P940,2024-10-14 15:11:10
S5730020,9,4,36,1,36,30,P552,P791,2024-10-14 15:17:51
S9733887,6,5,30,2,60,55,P246,P789,2024-10-14 15:49:07
S0656025,4,5,20,3,60,54,P864,P789,2024-10-14 15:54:07
S4842817,7,4,28,2,56,47,P940,P552,2024-10-14 15:58:00
S0297693,3,3,9,1,9,1,P366,P854,2024-10-14 16:09:30
S3823107,4,5,20,2,40,27,P847,P878,2024-10-14 16:09:56
S4818967,6,4,24,2,48,41,P791,P688,2024-10-14 16:21:24
S9463387,7,3,21,3,63,52,P864,P387,2024-10-14 16:35:45
S1704945,2,2,4,2,8,1,P472,P366,2024-10-14 16:44:30
S5707042,5,3,15,1,15,7,P791,P847,2024-10-14 16:45:09
S0764643,5,5,25,1,25,13,P205,P472,2024-10-14 16:46:41
S5803586,8,3,24,2,48,33,P392,P472,2024-10-14 16:57:54
S9363425,9,5,45,1,45,36,P552,P224,2024-10-14 17:04:12
S0415274,3,2,6,1,6,0,P393,P791,2024-10-14 17:04:30
S7555942,9,2,18,3,54,41,P583,P366,2024-10-14 17:12:08
S2033603,5,4,20,1,20,13,P847,P783,2024-10-14 17:17:52
S8964212,4,2,8,2,16,5,P791,P583,2024-10-14 17:20:01
S4947602,5,4,20,3,60,47,P246,P864,2024-10-14 17:23:21
S9163413,8,4,32,2,64,54,P205,P847,2024-10-14 17:25:53
S9735723,6,2,12,1,12,2,P472,P205,2024-10-14 17:32:05
S7185160,6,5,30,2,60,45,P583,P791,2024-10-14 17:32:30
S6974562,5,5,25,3,75,62,P387,P469,2024-10-14 17:33:56
S9296752,8,4,32,2,64,56,P392,P224,2024-10-14 17:34:30
S4758608,9,2,18,3,54,43,P854,P940,2024-10-14 17:58:08
S4680823,9,2,18,3,54,43,P205,P393,2024-10-14 18:03:47
S1623473,9,4,36,1,36,17,P783,P469,2024-10-14 18:09:03
S6651423,8,4,32,1,32,21,P847,P864,2024-10-14 18:10:19
S2702917,5,2,10,1,10,0,P612,P854,2024-10-14 18:39:23
S5385343,4,5,20,2,40,32,P469,P612,2024-10-14 18:40:40
S9933470,2,2,4,3,12,0,P552,P789,2024-10-14 18:54:38
S4590541,5,5,25,1,25,17,P393,P261,2024-10-14 18:59:49
S6903557,7,5,35,3,105,97,P366,P791,2024-10-14 19:02:44
S7215856,7,2,14,3,42,30,P224,P789,2024-10-14 19:07:39
S7069566,4,2,8,1,8,0,P854,P392,2024-10-14 19:14:22
S1215671,3,3,9,3,27,19,P205,P783,2024-10-14 19:17:38
S8150641,8,5,40,2,80,68,P864,P878,2024-10-14 19:19:58
S3087678,8,5,40,1,40,28,P688,P864,2024-10-14 19:20:01
S9014453,2,3,6,3,18,8,P261,P472,2024-10-14 19:31:13
S6099432,8,3,24,2,48,39,P366,P928,2024-10-14 19:36:08
S3733669,9,2,18,1,18,10,P149,P878,2024-10-14 19:39:12
S3216616,8,4,32,1,32,23,P847,P153,2024-10-14 19:55:43
S8331583,7,5,35,2,70,62,P791,P783,2024-10-14 20:20:53
S0733723,7,4,28,3,84,69,P469,P261,2024-10-14 20:23:18
S9280351,8,2,16,3,48,43,P847,P387,2024-10-14 20:23:49
S3858292,2,2,4,3,12,7,P261,P469,2024-10-14 20:24:39
S8884328,4,4,16,3,48,39,P469,P940,2024-10-14 20:35:33
S6571967,2,5,10,1,10,0,P864,P612,2024-10-14 20:43:06
S5954879,5,5,25,1,25,17,P791,P387,2024-10-14 20:50:13
S0424868,4,4,16,2,32,21,P552,P783,2024-10-14 20:56:40
S2225247,9,2,18,3,54,43,P791,P205,2024-10-14 21:02:41
S8604452,5,4,20,1,20,10,P791,P149,2024-10-14 21:08:21
S7062896,2,4,8,3,24,17,P469,P928,2024-10-14 21:24:16
S7230166,9,5,45,3,135,120,P246,P688,2024-10-14 21:33:30
S4915242,9,4,36,3,108,97,P583,P153,2024-10-14 21:38:22
S4267787,6,4,24,2,48,39,P392,P149,2024-10-14 21:40:10
S2565748,3,3,9,2,18,2,P791,P789,2024-10-14 21:47:47
S2574728,6,4,24,1,24,13,P149,P261,2024-10-14 21:48:48
S6539365,2,2,4,1,4,0,P688,P612,2024-10-14 21:49:53
S0026954,4,5,20,1,20,9,P149,P789,2024-10-14 22:24:15
S5675467,2,4,8,2,16,2,P387,P928,2024-10-14 22:31:24
S2318451,3,3,9,3,27,16,P387,P552,2024-10-14 22:34:25
S3772250,7,4,28,2,56,49,P688,P366,2024-10-14 22:38:58
S3158752,3,2,6,1,6,0,P878,P246,2024-10-14 22:59:16
S8792973,4,2,8,3,24,8,P393,P224,2024-10-14 23:00:48
S5188408,7,2,14,3,42,33,P205,P392,2024-10-14 23:21:09
S6347729,4,3,12,2,24,14,P878,P940,2024-10-14 23:22:59
S2230529,6,3,18,3,54,47,P612,P791,2024-10-14 23:36:43
S5430913,8,4,32,1,32,21,P205,P878,2024-10-14 23:41:40
S3417770,2,2,4,1,4,0,P783,P366,2024-10-14 23:51:28
S0512939,8,4,32,3,96,87,P224,P246,2024-10-14 23:56:23
S7035242,6,5,30,1,30,21,P783,P153,2024-10-15 00:00:48
S3653314,8,5,40,2,80,64,P552,P366,2024-10-15 00:09:49
S5099295,9,5,45,2,90,76,P854,P688,2024-10-15 00:17:47
S2112005,6,4,24,2,48,37,P612,P246,2024-10-15 00:27:40
S1193381,3,4,12,3,36,27,P153,P393,2024-10-15 00:31:13
S2301383,9,3,27,2,54,48,P393,P847,2024-10-15 00:32:23
S4443264,9,2,18,3,54,45,P387,P791,2024-10-15 00:39:23
S7217380,6,2,12,1,12,1,P847,P472,2024-10-15 00:49:31
S0695031,7,5,35,1,35,28,P469,P789,2024-10-15 01:07:44
S3728367,7,2,14,1,14,5,P469,P393,2024-10-15 01:09:09
S5187049,4,5,20,2,40,28,P552,P791,2024-10-15 01:11:42
S2852079,8,2,16,2,32,19,P789,P847,2024-10-15 01:23:37
S0735556,3,3,9,2,18,11,P928,P224,2024-10-15 01:42:30
S4618932,8,2,16,3,48,36,P791,P392,2024-10-15 01:47:26
S1085322,4,4,16,3,48,36,P688,P366,2024-10-15 01:50:42
S4033263,5,4,20,2,40,29,P940,P688,2024-10-15 02:07:27
S1025895,6,4,24,1,24,16,P149,P940,2024-10-15 02:08:24
S5681698,3,5,15,3,45,41,P469,P854,2024-10-15 02:11:20
S6334451,5,3,15,2,30,21,P791,P688,2024-10-15 02:11:41
S1710170,3,5,15,3,45,32,P469,P205,2024-10-15 02:13:55
S0829905,2,5,10,3,30,17,P366,P847,2024-10-15 02:15:10
S0615629,7,2,14,1,14,3,P224,P153,2024-10-15 02:17:09
S0338736,6,2,12,3,36,24,P940,P583,2024-10-15 02:27:54
S1754755,5,4,20,1,20,12,P878,P583,2024-10-15 02:28:03
S4980064,3,4,12,3,36,30,P940,P847,2024-10-15 02:54:10
S2727112,3,2,6,3,18,7,P928,P469,2024-10-15 03:01:24
S9136537,4,4,16,2,32,25,P472,P224,2024-10-15 03:12:22
S8463237,8,4,32,1,32,23,P552,P246,2024-10-15 03:20:58
S5798616,5,3,15,2,30,21,P789,P864,2024-10-15 03:32:31
S9789064,4,3,12,3,36,28,P928,P261,2024-10-15 03:39:45
S1606185,4,4,16,1,16,4,P224,P469,2024-10-15 03:40:00
S8326275,7,3,21,3,63,53,P149,P854,2024-10-15 03:40:23
S5216197,3,5,15,3,45,36,P789,P864,2024-10-15 03:41:02
S3474950,8,3,24,2,48,40,P246,P393,2024-10-15 03:41:53
S5516503,6,2,12,2,24,14,P940,P791,2024-10-15 03:51:10
S8656129,8,2,16,1,16,8,P789,P791,2024-10-15 03:52:11
S8613447,2,3,6,1,6,0,P940,P472,2024-10-15 03:56:54
S5207712,6,4,24,2,48,36,P224,P469,2024-10-15 04:03:51
S3689541,2,3,6,1,6,0,P789,P864,2024-10-15 04:05:55
S2490487,7,4,28,3,84,71,P878,P940,2024-10-15 04:22:51
S6409776,4,2,8,2,16,3,P688,P261,2024-10-15 04:38:34
S8208156,9,5,45,3,135,122,P789,P469,2024-10-15 04:50:47
S0941130,6,2,12,3,36,23,P878,P688,2024-10-15 04:56:26
S9186781,2,5,10,2,20,12,P864,P393,2024-10-15 05:09:04
S1735119,7,2,14,1,14,3,P940,P864,2024-10-15 05:13:41
S9947288,9,3,27,2,54,42,P789,P205,2024-10-15 05:17:40
S0216777,6,4,24,1,24,13,P153,P940,2024-10-15 05:25:40
S0438315,8,5,40,2,80,71,P583,P783,2024-10-15 05:45:04
S7895802,8,3,24,1,24,12,P261,P878,2024-10-15 05:45:22
S5862249,2,3,6,3,18,9,P149,P878,2024-10-15 05:57:56
S0773481,8,5,40,3,120,107,P472,P789,2024-10-15 06:09:54
S8178842,5,2,10,2,20,3,P854,P472,2024-10-15 06:23:15
S6933005,9,3,27,2,54,41,P149,P791,2024-10-15 06:36:16
S5169957,9,2,18,2,36,22,P854,P149,2024-10-15 06:46:57
S4765747,9,3,27,1,27,15,P205,P612,2024-10-15 06:47:53
S4913746,3,2,6,3,18,9,P612,P392,2024-10-15 06:50:05
S5964381,7,4,28,3,84,66,P847,P854,2024-10-15 06:53:16
S6785184,7,2,14,3,42,28,P783,P878,2024-10-15 06:53:22
S8929139,9,5,45,1,45,38,P246,P612,2024-10-15 07:06:22
S7263890,9,2,18,3,54,43,P149,P366,2024-10-15 07:09:47
S4798053,5,3,15,2,30,21,P783,P472,2024-10-15 07:11:46
S7964502,3,3,9,3,27,13,P688,P392,2024-10-15 07:18:56
S1888599,2,3,6,1,6,0,P878,P789,2024-10-15 07:21:19
S6101032,9,3,27,3,81,67,P928,P153,2024-10-15 07:37:31
S5411948,3,3,9,2,18,5,P261,P791,2024-10-15 07:44:46
S4097017,6,4,24,3,72,59,P205,P847,2024-10-15 07:47:04
S1511832,2,4,8,3,24,16,P366,P791,2024-10-15 07:58:15
S6493679,3,3,9,1,9,0,P246,P149,2024-10-15 08:07:22
S1812888,7,5,35,2,70,60,P847,P392,2024-10-15 08:15:08
S9308701,2,3,6,3,18,8,P472,P552,2024-10-15 08:16:35
S7119861,3,4,12,3,36,26,P583,P246,2024-10-15 08:26:04
S5151513,3,3,9,2,18,9,P149,P366,2024-10-15 08:27:06
S9896432,9,3,27,1,27,11,P472,P552,2024-10-15 08:33:18
S2766125,9,2,18,1,18,7,P469,P392,2024-10-15 08:48:48
S4811292,6,3,18,3,54,43,P552,P205,2024-10-15 08:52:36
S8643668,5,4,20,1,20,7,P612,P928,2024-10-15 08:55:20
S9966505,2,3,6,2,12,3,P224,P366,2024-10-15 08:57:38
S3107610,3,4,12,1,12,4,P205,P940,2024-10-15 09:11:49
S4246764,2,3,6,1,6,0,P224,P688,2024-10-15 09:13:15
S5159783,8,2,16,2,32,21,P688,P149,2024-10-15 09:16:06
S4829629,9,4,36,2,72,60,P469,P205,2024-10-15 09:19:44
S2165886,9,5,45,1,45,31,P612,P552,2024-10-15 09:29:02
S8645070,4,5,20,3,60,51,P928,P224,2024-10-15 09:32:18
S5386968,3,3,9,3,27,15,P246,P878,2024-10-15 09:35:30
S3327051,3,2,6,2,12,2,P847,P153,2024-10-15 09:36:47
S7738625,2,3,6,1,6,0,P224,P392,2024-10-15 10:00:31
S4513997,2,3,6,1,6,0,P688,P205,2024-10-15 10:07:41
S0113127,3,5,15,2,30,20,P783,P393,2024-10-15 10:11:51
S4639973,6,5,30,3,90,75,P153,P783,2024-10-15 10:13:38
S1290032,9,4,36,1,36,24,P366,P393,2024-10-15 10:15:23
S9134219,2,5,10,3,30,21,P878,P854,2024-10-15 10:21:39
S1634813,9,5,45,3,135,122,P791,P149,2024-10-15 10:26:15
S7184843,5,5,25,1,25,19,P783,P261,2024-10-15 10:26:38
S4250599,7,3,21,1,21,14,P783,P791,2024-10-15 10:29:08
S6841402,2,2,4,2,8,4,P392,P878,2024-10-15 10:40:55
S7111525,9,2,18,1,18,8,P583,P153,2024-10-15 10:47:24
S8576307,6,3,18,2,36,16,P469,P552,2024-10-15 10:54:42
S3158987,9,2,18,3,54,45,P153,P854,2024-10-15 11:08:01
S8269357,2,3,6,2,12,0,P878,P940,2024-10-15 11:16:36
S4452398,2,4,8,2,16,7,P583,P783,2024-10-15 11:23:44
S7214005,7,2,14,3,42,33,P261,P366,2024-10-15 11:33:20
S4445813,5,2,10,3,30,20,P878,P366,2024-10-15 11:42:02
S4895413,9,4,36,3,108,100,P688,P392,2024-10-15 11:46:59
S0161974,9,3,27,1,27,14,P864,P928,2024-10-15 11:47:48
S5013741,6,4,24,3,72,60,P392,P854,2024-10-15 11:56:30
S4395123,6,2,12,2,24,11,P791,P789,2024-10-15 11:59:11
S2106574,8,5,40,2,80,68,P878,P472,2024-10-15 12:06:31
S3374475,6,4,24,2,48,37,P472,P583,2024-10-15 12:15:44
S2612979,7,5,35,3,105,93,P854,P246,2024-10-15 12:24:25
S0507320,3,2,6,2,12,2,P469,P153,2024-10-15 12:29:57
S8908933,3,4,12,1,12,5,P472,P583,2024-10-15 12:36:38
S8470613,6,4,24,3,72,64,P789,P552,2024-10-15 12:41:59
S8244890,7,2,14,2,28,16,P612,P205,2024-10-15 12:48:49
S5411226,9,3,27,2,54,41,P940,P387,2024-10-15 12:51:01
S6913773,2,5,10,2,20,16,P205,P583,2024-10-15 12:53:23
S3642844,7,2,14,3,42,30,P149,P469,2024-10-15 12:53:39
S1260839,5,4,20,2,40,27,P783,P552,2024-10-15 13:02:49
S9770803,8,2,16,2,32,23,P854,P552,2024-10-15 13:03:39
S7836731,7,3,21,1,21,15,P847,P149,2024-10-15 13:07:42
S3312521,5,3,15,2,30,21,P149,P224,2024-10-15 13:15:04
S8708948,2,3,6,3,18,5,P552,P854,2024-10-15 13:19:32
S5516826,4,4,16,3,48,41,P246,P366,2024-10-15 13:21:58
S5454432,8,4,32,1,32,27,P583,P864,2024-10-15 13:35:33
S4398071,9,3,27,2,54,42,P261,P612,2024-10-15 13:36:44
S7516456,3,3,9,2,18,12,P261,P688,2024-10-15 13:42:30
S3339116,3,3,9,1,9,0,P688,P366,2024-10-15 13:45:21
S9052230,9,2,18,3,54,50,P854,P583,2024-10-15 14:15:49
S4558296,5,2,10,3,30,16,P149,P789,2024-10-15 14:17:39
S1415173,6,2,12,3,36,27,P393,P392,2024-10-15 14:25:01
S7580949,8,3,24,2,48,35,P224,P387,2024-10-15 14:29:04
S9221991,7,4,28,1,28,19,P864,P928,2024-10-15 14:39:02
S3631101,6,2,12,3,36,26,P789,P472,2024-10-15 14:41:43
S7421758,4,2,8,3,24,13,P864,P688,2024-10-15 14:42:32
S1748205,4,3,12,1,12,3,P387,P392,2024-10-15 14:43:10
S1408175,9,2,18,3,54,42,P205,P878,2024-10-15 14:49:09
S4736765,6,2,12,2,24,17,P153,P583,2024-10-15 14:50:31
S8654302,4,5,20,3,60,47,P205,P940,2024-10-15 15:00:04
S2103195,4,4,16,3,48,41,P612,P246,2024-10-15 15:01:45
S2657339,5,3,15,3,45,33,P854,P612,2024-10-15 15:08:05
S1973663,7,5,35,1,35,27,P392,P387,2024-10-15 15:12:22
S6333285,7,2,14,3,42,31,P205,P224,2024-10-15 15:41:52
S1426745,3,5,15,2,30,21,P153,P366,2024-10-15 15:42:10
S2856655,9,3,27,3,81,67,P552,P366,2024-10-15 15:42:18
S1812906,9,4,36,2,72,63,P261,P469,2024-10-15 15:51:16
S6740775,9,2,18,3,54,46,P940,P552,2024-10-15 15:55:11
S8690773,3,4,12,1,12,0,P224,P688,2024-10-15 16:01:51
S5869959,3,4,12,1,12,2,P940,P387,2024-10-15 16:01:58
S5700922,9,2,18,3,54,43,P583,P854,2024-10-15 16:03:47
S1827595,8,3,24,2,48,33,P789,P149,2024-10-15 16:04:48
S1251052,8,2,16,2,32,25,P864,P789,2024-10-15 16:08:55
S7455824,8,4,32,2,64,54,P246,P149,2024-10-15 16:12:15
S8740066,4,2,8,1,8,0,P583,P469,2024-10-15 16:18:23
S7637957,9,3,27,3,81,66,P392,P688,2024-10-15 16:23:44
S1760876,3,2,6,2,12,5,P366,P612,2024-10-15 16:35:47
S4736245,6,4,24,1,24,13,P393,P847,2024-10-15 16:45:35
S5740697,8,2,16,1,16,5,P387,P783,2024-10-15 16:51:45
S0602857,3,4,12,1,12,4,P688,P854,2024-10-15 16:54:33
S5865029,6,2,12,2,24,16,P583,P864,2024-10-15 17:01:21
S4376419,5,3,15,3,45,33,P583,P783,2024-10-15 17:04:03
S1699886,7,2,14,3,42,28,P205,P472,2024-10-15 17:05:49
S1682518,5,3,15,1,15,14,P783,P366,2024-10-15 17:08:50
S2075769,9,4,36,2,72,61,P864,P688,2024-10-15 17:10:41
S8601535,3,2,6,1,6,2,P552,P153,2024-10-15 17:13:19
S8703460,7,4,28,1,28,16,P261,P854,2024-10-15 17:21:29
S9210469,7,3,21,2,42,30,P366,P854,2024-10-15 17:22:04
S5768192,6,2,12,1,12,3,P261,P928,2024-10-15 17:22:57
S0271513,8,2,16,1,16,3,P552,P583,2024-10-15 17:23:12
S4847138,2,3,6,3,18,3,P940,P854,2024-10-15 17:31:56
S7909439,9,4,36,2,72,58,P387,P366,2024-10-15 17:33:00
S2473846,3,4,12,2,24,11,P940,P387,2024-10-15 17:38:44
S5680730,3,2,6,1,6,2,P878,P205,2024-10-15 17:43:27
S8260500,2,2,4,2,8,0,P393,P472,2024-10-15 17:45:55
S0922143,4,2,8,2,16,12,P205,P149,2024-10-15 17:46:11
S5129912,8,2,16,1,16,5,P149,P392,2024-10-15 17:51:28
S0338696,8,3,24,2,48,38,P261,P153,2024-10-15 17:52:33
S2680677,3,3,9,3,27,17,P864,P224,2024-10-15 17:54:01
S3273913,3,3,9,3,27,20,P205,P224,2024-10-15 18:20:46
S5888163,8,4,32,3,96,81,P783,P472,2024-10-15 18:24:12
S9945936,8,5,40,2,80,69,P928,P612,2024-10-15 18:24:46
S8338223,7,3,21,2,42,24,P854,P387,2024-10-15 18:31:06
S4557314,2,4,8,1,8,3,P472,P149,2024-10-15 18:38:12
S1963628,7,4,28,1,28,15,P864,P387,2024-10-15 18:42:25
S7790939,7,2,14,2,28,16,P366,P472,2024-10-15 19:05:52
S0060008,9,4,36,2,72,58,P688,P469,2024-10-15 19:13:07
S2260401,6,4,24,1,24,16,P472,P583,2024-10-15 19:24:28
S2881407,9,4,36,1,36,27,P878,P688,2024-10-15 19:35:32
S5224026,4,3,12,3,36,29,P469,P261,2024-10-15 19:35:57
S2959639,9,2,18,1,18,6,P583,P149,2024-10-15 19:39:23
S5020082,5,5,25,2,50,43,P392,P789,2024-10-15 19:42:16
S2313366,2,4,8,2,16,7,P469,P393,2024-10-15 19:42:57
S2862627,2,3,6,1,6,0,P612,P393,2024-10-15 19:47:47
S1783171,5,4,20,2,40,29,P688,P847,2024-10-15 19:54:30
S8500565,9,2,18,1,18,5,P472,P783,2024-10-15 19:56:02
S0910417,9,3,27,2,54,42,P854,P149,2024-10-15 19:59:08
S1869274,3,5,15,3,45,37,P153,P583,2024-10-15 20:04:45
S1378227,5,5,25,3,75,68,P789,P847,2024-10-15 20:07:33
S9599931,2,5,10,1,10,4,P864,P472,2024-10-15 20:23:11
S7734447,3,3,9,1,9,0,P791,P246,2024-10-15 20:32:49
S3836884,5,3,15,1,15,7,P224,P789,2024-10-15 20:33:15
S1738892,2,4,8,2,16,6,P928,P149,2024-10-15 20:39:41
S3261654,3,3,9,2,18,6,P847,P246,2024-10-15 20:56:39
S8258452,3,2,6,2,12,2,P261,P366,2024-10-15 20:59:01
S2478616,7,5,35,1,35,25,P583,P612,2024-10-15 21:07:58
S1889842,7,3,21,1,21,9,P387,P847,2024-10-15 21:13:58
S9505819,3,2,6,2,12,1,P387,P612,2024-10-15 21:14:06
S2651606,2,4,8,2,16,3,P688,P864,2024-10-15 21:16:48
S5689237,6,4,24,3,72,64,P789,P393,2024-10-15 21:18:32
S5644959,8,4,32,1,32,24,P688,P387,2024-10-15 21:20:05
S9499073,7,4,28,2,56,48,P366,P791,2024-10-15 21:20:30
S0523748,3,3,9,3,27,15,P246,P393,2024-10-15 21:20:47
S4439966,2,5,10,3,30,25,P393,P878,2024-10-15 21:22:45
S3017404,2,2,4,1,4,0,P583,P552,2024-10-15 21:28:34
S2289322,4,3,12,3,36,29,P940,P469,2024-10-15 21:31:05
S7011707,2,3,6,3,18,8,P153,P469,2024-10-15 21:36:19
S8297559,6,5,30,3,90,79,P469,P205,2024-10-15 21:43:45
S4501198,4,5,20,3,60,52,P612,P224,2024-10-15 21:46:30
S4962955,2,5,10,1,10,0,P205,P940,2024-10-15 21:48:54
S3863311,5,4,20,3,60,48,P246,P392,2024-10-15 21:53:17
S6557120,5,4,20,2,40,34,P854,P783,2024-10-15 22:07:07
S6452732,9,5,45,3,135,117,P366,P791,2024-10-15 22:11:34
S5770045,5,4,20,1,20,11,P847,P205,2024-10-15 22:12:20
S1602301,2,2,4,3,12,4,P928,P205,2024-10-15 22:16:46
S2805574,2,4,8,1,8,0,P205,P469,2024-10-15 22:17:27
S9910747,9,3,27,2,54,42,P552,P224,2024-10-15 22:17:59
S1434608,5,3,15,1,15,9,P224,P393,2024-10-15 22:35:32
S2824789,7,5,35,2,70,59,P149,P205,2024-10-15 22:42:01
S5090211,8,2,16,3,48,39,P149,P783,2024-10-15 22:46:32
S8067280,3,4,12,3,36,26,P791,P552,2024-10-15 22:52:28
S5410609,8,5,40,2,80,70,P205,P469,2024-10-15 22:56:52
S3317783,8,4,32,2,64,59,P864,P469,2024-10-15 22:57:44
S8853227,7,5,35,2,70,61,P847,P854,2024-10-15 23:01:55
S0372129,5,4,20,2,40,28,P688,P472,2024-10-15 23:07:44
S4906590,8,5,40,2,80,68,P783,P878,2024-10-15 23:09:50
S1424808,8,3,24,1,24,13,P878,P224,2024-10-15 23:15:50
S4009278,5,2,10,3,30,21,P791,P472,2024-10-15 23:21:02
S7837271,5,5,25,2,50,35,P854,P224,2024-10-15 23:22:35
S5970762,9,4,36,3,108,101,P393,P149,2024-10-15 23:26:57
S2689355,9,2,18,3,54,44,P246,P552,2024-10-15 23:41:52
S5229777,2,5,10,1,10,2,P928,P387,2024-10-15 23:44:21
S3230604,9,2,18,2,36,29,P261,P612,2024-10-15 23:44:38
S7788421,8,5,40,3,120,117,P393,P392,2024-10-15 23:56:08
S3235551,5,2,10,1,10,0,P789,P246,2024-10-15 23:59:30
S8507577,4,2,8,1,8,0,P583,P791,2024-10-16 00:02:21
S1216463,3,4,12,1,12,2,P387,P928,2024-10-16 00:02:46
S0162137,5,5,25,3,75,62,P783,P224,2024-10-16 00:23:48
S8264611,3,5,15,2,30,21,P864,P205,2024-10-16 00:25:49
S8653370,8,2,16,3,48,43,P393,P261,2024-10-16 00:31:43
S3114436,5,5,25,3,75,63,P472,P789,2024-10-16 00:39:27
S6515308,5,2,10,1,10,0,P552,P940,2024-10-16 00:42:34
S3440055,8,5,40,3,120,114,P552,P928,2024-10-16 00:50:46
S2946212,2,5,10,2,20,11,P854,P940,2024-10-16 00:53:35
S9859611,5,3,15,1,15,8,P854,P393,2024-10-16 01:01:30
S3363654,2,5,10,2,20,7,P261,P940,2024-10-16 01:06:51
S1686170,7,4,28,1,28,20,P583,P928,2024-10-16 01:22:36
S7091018,6,2,12,2,24,12,P688,P612,2024-10-16 01:24:32
S4249047,2,2,4,3,12,0,P392,P928,2024-10-16 01:28:11
S3719160,8,3,24,1,24,11,P928,P688,2024-10-16 01:31:21
S0114826,9,5,45,2,90,79,P552,P392,2024-10-16 01:41:48
S3936504,2,5,10,2,20,8,P393,P612,2024-10-16 01:44:58
S0481225,9,4,36,2,72,63,P847,P387,2024-10-16 02:00:50
S2039579,2,2,4,2,8,0,P789,P387,2024-10-16 02:06:04
S5981518,5,2,10,3,30,25,P854,P472,2024-10-16 02:19:04
S9619941,2,2,4,1,4,0,P387,P224,2024-10-16 02:21:22
S9372873,7,4,28,3,84,73,P791,P552,2024-10-16 02:26:08
S8467126,4,5,20,1,20,10,P552,P205,2024-10-16 02:33:58
S6002770,2,2,4,3,12,8,P149,P224,2024-10-16 02:43:01
S7105941,5,2,10,2,20,15,P864,P261,2024-10-16 02:43:38
S1217988,6,5,30,3,90,79,P205,P864,2024-10-16 02:44:11
S3248492,9,3,27,2,54,43,P612,P928,2024-10-16 02:45:13
S5667446,5,2,10,3,30,23,P224,P205,2024-10-16 02:48:45
S0466177,2,5,10,1,10,0,P153,P847,2024-10-16 02:54:36
S6933299,2,5,10,2,20,7,P205,P387,2024-10-16 02:54:56
S5265894,4,3,12,1,12,0,P583,P878,2024-10-16 02:55:10
S8796575,6,2,12,2,24,11,P472,P387,2024-10-16 03:00:02
S4075529,3,3,9,3,27,18,P791,P847,2024-10-16 03:05:54
S2120772,4,5,20,2,40,29,P149,P789,2024-10-16 03:08:10
S8784417,6,5,30,1,30,21,P878,P789,2024-10-16 03:17:58
S4469823,8,3,24,2,48,36,P864,P688,2024-10-16 03:24:33
S5486162,4,2,8,2,16,5,P791,P224,2024-10-16 03:30:01
S5233425,3,5,15,3,45,35,P854,P387,2024-10-16 03:30:54
S1736351,6,4,24,1,24,18,P583,P153,2024-10-16 03:34:17
S4662431,6,5,30,3,90,77,P261,P393,2024-10-16 03:44:18
S2833799,6,4,24,2,48,37,P392,P783,2024-10-16 03:48:19
S7911029,4,4,16,3,48,36,P791,P469,2024-10-16 03:51:26
S4443942,8,4,32,3,96,83,P783,P387,2024-10-16 04:00:28
S6813723,6,3,18,3,54,46,P393,P149,2024-10-16 04:01:50
S8872814,6,2,12,2,24,12,P847,P392,2024-10-16 04:11:48
S5079995,6,2,12,3,36,28,P472,P393,2024-10-16 04:21:59
S8352417,3,3,9,3,27,16,P928,P789,2024-10-16 04:29:53
S2355756,5,4,20,3,60,50,P366,P153,2024-10-16 04:37:27
S9656321,9,3,27,1,27,18,P205,P688,2024-10-16 04:49:45
S8261328,3,5,15,1,15,1,P261,P783,2024-10-16 05:02:15
S7815988,8,5,40,3,120,106,P392,P878,2024-10-16 05:10:12
S6601001,6,4,24,3,72,59,P928,P783,2024-10-16 05:21:05
S6529790,3,2,6,2,12,3,P387,P878,2024-10-16 05:30:52
S8942790,7,2,14,3,42,31,P583,P688,2024-10-16 05:35:51
S7493690,7,2,14,1,14,3,P393,P612,2024-10-16 05:37:03
S0803717,3,3,9,1,9,3,P205,P940,2024-10-16 05:46:57
S7305428,5,4,20,3,60,55,P224,P392,2024-10-16 05:50:14
S2908089,2,3,6,3,18,5,P791,P878,2024-10-16 05:54:43
S9132699,8,4,32,2,64,57,P878,P928,2024-10-16 06:18:42
S3113256,7,2,14,3,42,35,P261,P791,2024-10-16 06:18:48
S8702577,3,3,9,3,27,20,P392,P612,2024-10-16 06:22:13
S9291396,4,4,16,1,16,9,P149,P878,2024-10-16 06:26:53
S8756471,4,2,8,1,8,0,P854,P783,2024-10-16 06:38:26
S5668227,9,5,45,3,135,129,P387,P940,2024-10-16 06:46:34
S3856468,6,2,12,3,36,21,P366,P878,2024-10-16 06:59:29
S0930228,9,2,18,2,36,21,P153,P854,2024-10-16 07:06:34
S2022192,7,2,14,3,42,36,P387,P392,2024-10-16 07:18:36
S8274887,9,3,27,3,81,71,P552,P928,2024-10-16 07:22:27
S3914257,4,5,20,1,20,5,P928,P854,2024-10-16 07:24:40
S2305035,5,4,20,3,60,50,P246,P224,2024-10-16 07:30:10
S9001687,2,2,4,1,4,0,P928,P878,2024-10-16 07:30:40
S7451902,6,4,24,2,48,38,P688,P928,2024-10-16 07:34:24
S6686848,8,5,40,2,80,76,P393,P847,2024-10-16 07:35:06
S8928007,3,3,9,3,27,22,P688,P261,2024-10-16 08:03:12
S9023566,9,2,18,3,54,38,P791,P612,2024-10-16 08:04:23
S4101913,3,5,15,2,30,22,P583,P612,2024-10-16 08:09:43
S4072569,6,4,24,2,48,38,P472,P387,2024-10-16 08:11:21
S3644258,8,4,32,2,64,50,P789,P928,2024-10-16 08:13:52
S3164904,6,5,30,3,90,80,P940,P789,2024-10-16 08:53:22
S4387435,5,5,25,1,25,16,P854,P552,2024-10-16 08:56:28
S0985033,6,3,18,2,36,24,P612,P789,2024-10-16 09:01:17
S1885694,2,2,4,2,8,0,P940,P552,2024-10-16 09:02:21
S0236887,4,5,20,1,20,7,P789,P472,2024-10-16 09:12:55
S2415291,9,4,36,3,108,99,P783,P552,2024-10-16 09:13:28
S9923801,7,4,28,2,56,42,P387,P688,2024-10-16 09:18:25
S0924050,6,3,18,2,36,24,P392,P153,2024-10-16 09:28:27
S8888717,2,5,10,2,20,11,P552,P261,2024-10-16 09:28:41
S8884891,2,2,4,1,4,0,P149,P612,2024-10-16 09:31:34
S7170655,8,2,16,3,48,42,P469,P791,2024-10-16 09:42:57
S9985134,7,2,14,3,42,33,P149,P224,2024-10-16 09:45:51
S1733028,9,4,36,2,72,59,P847,P688,2024-10-16 09:47:01
S5972908,3,4,12,2,24,14,P472,P246,2024-10-16 09:52:39
S4904140,6,4,24,2,48,38,P205,P612,2024-10-16 09:58:12
S8812353,2,5,10,1,10,0,P928,P387,2024-10-16 10:02:22
S7600101,4,4,16,1,16,7,P149,P864,2024-10-16 10:03:43
S2901929,3,2,6,2,12,2,P612,P552,2024-10-16 10:09:08
S8944853,9,5,45,3,135,121,P472,P392,2024-10-16 10:31:56
S9289668,7,3,21,2,42,32,P153,P612,2024-10-16 10:32:29
S3780177,6,4,24,2,48,32,P366,P612,2024-10-16 10:39:50
S1017721,6,2,12,2,24,12,P469,P366,2024-10-16 11:11:55
S4698335,3,4,12,3,36,25,P393,P847,2024-10-16 11:14:31
S9920399,5,3,15,2,30,19,P552,P940,2024-10-16 11:41:06
S4136553,4,4,16,1,16,7,P583,P612,2024-10-16 11:47:55
S3374158,6,2,12,2,24,17,P583,P940,2024-10-16 11:49:48
S6573098,5,3,15,3,45,30,P472,P392,2024-10-16 12:12:36
S7755623,5,4,20,3,60,48,P688,P205,2024-10-16 12:25:00
S3589580,4,3,12,2,24,15,P392,P940,2024-10-16 12:26:45
S1404621,9,3,27,1,27,16,P246,P688,2024-10-16 12:30:26
S3288141,7,5,35,1,35,26,P789,P224,2024-10-16 12:36:11
S5638272,7,4,28,1,28,20,P791,P847,2024-10-16 12:46:30
S7570412,6,3,18,2,36,31,P205,P393,2024-10-16 12:52:02
S6851315,2,5,10,3,30,21,P366,P783,2024-10-16 12:58:56
S2115217,7,3,21,1,21,17,P552,P878,2024-10-16 12:59:09
S1444065,9,4,36,1,36,29,P791,P940,2024-10-16 13:10:30
S9133576,9,4,36,2,72,63,P940,P366,2024-10-16 13:12:34
S6420732,7,3,21,2,42,32,P928,P469,2024-10-16 13:17:46
S0434479,5,3,15,2,30,17,P472,P928,2024-10-16 13:18:58
S4367623,7,3,21,1,21,8,P366,P472,2024-10-16 13:20:20
S9748814,5,4,20,3,60,53,P552,P789,2024-10-16 13:23:47
S9976887,6,2,12,1,12,3,P789,P583,2024-10-16 13:26:57
S5996789,6,4,24,3,72,61,P469,P472,2024-10-16 13:36:14
S7384630,9,3,27,1,27,18,P469,P878,2024-10-16 13:37:27
S2886181,4,3,12,2,24,10,P224,P847,2024-10-16 14:02:02
S0366612,5,5,25,1,25,19,P783,P246,2024-10-16 14:05:51
S9114368,7,4,28,3,84,73,P928,P387,2024-10-16 14:13:56
S0786582,7,5,35,3,105,93,P469,P205,2024-10-16 14:14:22
S5104814,6,3,18,1,18,6,P393,P224,2024-10-16 14:16:12
S5750880,9,4,36,2,72,66,P878,P387,2024-10-16 14:16:49
S1218762,8,3,24,1,24,12,P854,P205,2024-10-16 14:19:07
S9087075,9,4,36,3,108,103,P791,P854,2024-10-16 14:27:32
S8369109,6,4,24,2,48,35,P940,P246,2024-10-16 14:30:53
S3253931,5,2,10,2,20,8,P854,P469,2024-10-16 14:39:21
S5257259,8,3,24,1,24,13,P261,P688,2024-10-16 14:39:46
S8480157,6,5,30,3,90,77,P472,P261,2024-10-16 14:43:07
S3185598,6,3,18,3,54,42,P940,P246,2024-10-16 14:51:42
S6586967,4,4,16,2,32,20,P153,P688,2024-10-16 15:01:37
S4657480,3,5,15,2,30,20,P878,P472,2024-10-16 15:05:32
S1105576,7,4,28,2,56,48,P246,P366,2024-10-16 15:08:53
S4153303,8,2,16,2,32,25,P392,P783,2024-10-16 15:11:21
S4401299,7,4,28,1,28,18,P789,P261,2024-10-16 15:28:04
S9741650,7,4,28,3,84,76,P392,P928,2024-10-16 15:32:29
S0938587,4,4,16,3,48,42,P791,P552,2024-10-16 15:32:55
S3155439,2,5,10,1,10,0,P847,P246,2024-10-16 15:39:43
S0535847,9,5,45,2,90,84,P791,P392,2024-10-16 16:07:47
S8435395,7,5,35,2,70,60,P153,P854,2024-10-16 16:11:31
S3875875,2,2,4,1,4,0,P246,P864,2024-10-16 16:13:19
S3203123,4,2,8,2,16,5,P261,P783,2024-10-16 16:16:17
S6417339,7,2,14,2,28,14,P583,P224,2024-10-16 16:20:32
S6820018,6,2,12,1,12,0,P552,P153,2024-10-16 16:21:43
S9926633,5,3,15,3,45,37,P847,P878,2024-10-16 16:29:36
S9333145,8,3,24,3,72,63,P205,P387,2024-10-16 16:32:27
S1341415,4,4,16,1,16,8,P153,P854,2024-10-16 16:37:08
S2831257,9,3,27,1,27,18,P783,P552,2024-10-16 16:38:03
S5742889,3,4,12,3,36,32,P791,P387,2024-10-16 16:42:37
S8945537,2,4,8,2,16,10,P469,P393,2024-10-16 16:59:52
S9833937,7,3,21,2,42,34,P783,P928,2024-10-16 17:10:05
S4744097,3,2,6,2,12,0,P864,P205,2024-10-16 17:13:23
S1059548,7,4,28,1,28,18,P149,P472,2024-10-16 17:17:10
S6819973,7,3,21,3,63,53,P246,P854,2024-10-16 17:31:19
S8462689,2,5,10,1,10,3,P392,P864,2024-10-16 17:40:23
S0963912,9,5,45,1,45,37,P205,P393,2024-10-16 17:41:43
S7492857,7,4,28,3,84,73,P366,P393,2024-10-16 17:42:55
S1624015,6,4,24,3,72,58,P393,P469,2024-10-16 17:43:49
S4268196,9,2,18,2,36,24,P789,P783,2024-10-16 17:51:51
S1647411,6,3,18,1,18,5,P366,P469,2024-10-16 17:54:45
S8384184,8,3,24,1,24,13,P878,P864,2024-10-16 17:54:57
S3025993,6,4,24,1,24,15,P878,P393,2024-10-16 17:55:19
S2061104,5,4,20,2,40,30,P472,P583,2024-10-16 17:56:13
S5427927,4,2,8,2,16,7,P153,P552,2024-10-16 18:01:18
S5505373,9,5,45,2,90,80,P224,P392,2024-10-16 18:01:42
S2363232,2,3,6,2,12,3,P854,P864,2024-10-16 18:08:29
S4724308,3,3,9,3,27,18,P205,P791,2024-10-16 18:23:05
S7436394,6,4,24,1,24,14,P612,P583,2024-10-16 18:38:55
S8204792,4,5,20,1,20,13,P149,P366,2024-10-16 18:52:17
S6456953,9,2,18,3,54,42,P469,P392,2024-10-16 18:54:16
S8537638,8,3,24,1,24,17,P928,P149,2024-10-16 18:56:40
S3771530,4,3,12,2,24,9,P791,P149,2024-10-16 18:57:26
S3672238,7,2,14,2,28,14,P583,P366,2024-10-16 19:00:12
S2412653,4,2,8,2,16,9,P783,P878,2024-10-16 19:01:14
S9338249,3,2,6,1,6,0,P864,P789,2024-10-16 19:05:22
S3887254,5,5,25,3,75,67,P864,P366,2024-10-16 19:08:40
S5024195,2,2,4,3,12,0,P387,P246,2024-10-16 19:38:27
S8636197,5,3,15,1,15,4,P940,P246,2024-10-16 19:44:29
S3618201,6,5,30,2,60,49,P153,P612,2024-10-16 19:47:41
S7036101,6,2,12,1,12,4,P583,P224,2024-10-16 19:49:44
S8648054,9,5,45,2,90,82,P783,P583,2024-10-16 19:52:29
S6719319,6,3,18,3,54,44,P854,P149,2024-10-16 19:55:29
S2955631,6,4,24,1,24,10,P387,P472,2024-10-16 19:56:16
S9385946,8,4,32,2,64,53,P928,P224,2024-10-16 20:00:11
S3152697,8,5,40,3,120,109,P392,P472,2024-10-16 20:02:00
S9803242,5,3,15,2,30,22,P552,P469,2024-10-16 20:19:07
S9477217,2,2,4,2,8,1,P583,P864,2024-10-16 20:31:35
S3976371,9,5,45,1,45,38,P928,P854,2024-10-16 20:45:05
S7003727,8,5,40,3,120,104,P847,P854,2024-10-16 20:46:52
S8678934,5,2,10,1,10,0,P469,P261,2024-10-16 20:48:25
S7021656,8,3,24,1,24,12,P940,P472,2024-10-16 20:49:41
S3275275,8,3,24,1,24,10,P878,P246,2024-10-16 20:49:49
S5977983,6,4,24,1,24,14,P878,P246,2024-10-16 21:02:46
S3390498,9,5,45,1,45,34,P149,P366,2024-10-16 21:08:40
S9940842,6,5,30,1,30,18,P864,P366,2024-10-16 21:12:30
S9583208,9,3,27,2,54,47,P789,P791,2024-10-16 21:30:29
S6982315,9,2,18,1,18,7,P205,P789,2024-10-16 21:36:57
S6626112,7,2,14,3,42,27,P261,P864,2024-10-16 21:40:27
S1257595,6,5,30,3,90,84,P928,P612,2024-10-16 21:46:48
S3042925,2,5,10,2,20,12,P928,P612,2024-10-16 21:55:41
S2646690,2,5,10,1,10,1,P205,P847,2024-10-16 21:58:44
S4940424,4,5,20,2,40,25,P469,P783,2024-10-16 21:58:50
S2679885,3,5,15,2,30,26,P789,P387,2024-10-16 22:03:29
S8686916,9,5,45,1,45,36,P783,P552,2024-10-16 22:03:40
S7961246,8,5,40,3,120,106,P583,P205,2024-10-16 22:04:42
S6155599,2,4,8,3,24,16,P149,P469,2024-10-16 22:06:17
S7385273,7,2,14,2,28,14,P261,P847,2024-10-16 22:11:27
S4089201,7,4,28,1,28,19,P149,P246,2024-10-16 22:17:29
S4025069,2,3,6,3,18,1,P864,P789,2024-10-16 22:17:48
S5798235,5,2,10,3,30,19,P205,P261,2024-10-16 22:23:54
S1699392,5,5,25,3,75,66,P583,P688,2024-10-16 22:28:15
S4731095,5,4,20,1,20,12,P612,P224,2024-10-16 22:28:43
S1457474,5,2,10,2,20,7,P392,P393,2024-10-16 22:31:45
S9430876,7,3,21,1,21,10,P224,P940,2024-10-16 22:42:10
S6399670,2,4,8,2,16,7,P789,P552,2024-10-16 22:44:15
S7586314,5,3,15,1,15,7,P366,P688,2024-10-16 22:49:55
S7837607,9,4,36,1,36,30,P583,P552,2024-10-16 22:56:38
S7460782,4,2,8,3,24,22,P366,P205,2024-10-16 23:02:40
S3905513,5,4,20,3,60,49,P552,P940,2024-10-16 23:04:11
S6282094,9,3,27,3,81,67,P847,P783,2024-10-16 23:10:29
S9085737,5,5,25,3,75,66,P392,P246,2024-10-16 23:19:31
S6821321,9,3,27,3,81,76,P688,P928,2024-10-16 23:22:37
S1995707,6,2,12,1,12,0,P469,P688,2024-10-16 23:36:14
S4806780,2,3,6,2,12,0,P149,P387,2024-10-16 23:38:41
S0946720,2,4,8,2,16,8,P854,P928,2024-10-16 23:42:38
S9633242,2,4,8,2,16,10,P847,P940,2024-10-16 23:48:14
S1949671,9,2,18,2,36,25,P392,P469,2024-10-16 23:52:08
S1595249,2,5,10,1,10,3,P783,P205,2024-10-17 00:04:28
S5167316,9,5,45,3,135,128,P205,P392,2024-10-17 00:05:44
S2650419,5,4,20,2,40,31,P224,P261,2024-10-17 00:18:07
S6340424,4,2,8,2,16,5,P469,P246,2024-10-17 00:21:37
S3451351,2,3,6,2,12,5,P393,P392,2024-10-17 00:35:44
S2244275,3,3,9,1,9,0,P789,P688,2024-10-17 00:43:33
S2613475,9,4,36,2,72,63,P246,P854,2024-10-17 00:50:06
S7561145,6,3,18,2,36,31,P854,P847,2024-10-17 00:50:23
S7185782,8,4,32,1,32,19,P153,P261,2024-10-17 00:50:41
S1605742,7,2,14,2,28,19,P153,P688,2024-10-17 00:51:29
S9593439,2,4,8,1,8,0,P392,P224,2024-10-17 00:51:49
S2067256,6,5,30,2,60,44,P393,P583,2024-10-17 00:54:06
S4571038,4,2,8,1,8,0,P205,P940,2024-10-17 01:07:40
S0646196,6,2,12,3,36,27,P583,P612,2024-10-17 01:09:51
S3919543,4,2,8,1,8,0,P205,P940,2024-10-17 01:14:44
S4044561,6,3,18,2,36,22,P783,P153,2024-10-17 01:16:44
S5063480,9,2,18,2,36,25,P789,P153,2024-10-17 01:17:13
S2792162,9,2,18,1,18,8,P847,P387,2024-10-17 01:20:00
S1430091,4,2,8,3,24,13,P583,P205,2024-10-17 01:36:33
S3033498,6,2,12,1,12,0,P928,P864,2024-10-17 01:36:46
S5299813,3,5,15,1,15,10,P583,P387,2024-10-17 01:41:46
S8806761,8,5,40,3,120,111,P783,P472,2024-10-17 01:50:36
S5227239,3,2,6,3,18,5,P205,P387,2024-10-17 01:51:11
S5750498,8,5,40,2,80,75,P612,P224,2024-10-17 01:53:05
S6245153,5,5,25,1,25,19,P864,P940,2024-10-17 01:54:26
S2672485,9,4,36,1,36,27,P928,P205,2024-10-17 02:00:26
S0895952,8,4,32,1,32,18,P366,P928,2024-10-17 02:04:11
S4708846,9,4,36,2,72,61,P688,P149,2024-10-17 02:08:28
S9476560,2,3,6,2,12,4,P205,P940,2024-10-17 02:11:18
S6902989,3,3,9,2,18,6,P392,P854,2024-10-17 02:17:39
S8966268,4,5,20,3,60,49,P688,P205,2024-10-17 02:18:37
S3289146,5,5,25,1,25,9,P854,P864,2024-10-17 02:19:42
S2095763,2,5,10,1,10,2,P153,P783,2024-10-17 02:28:25
S5988025,3,5,15,3,45,32,P783,P583,2024-10-17 02:45:53
S0254542,4,2,8,2,16,9,P469,P387,2024-10-17 02:53:27
S3705853,2,5,10,1,10,1,P205,P791,2024-10-17 02:55:18
S2464558,4,4,16,1,16,9,P246,P878,2024-10-17 03:05:44
S0987032,6,5,30,2,60,48,P393,P149,2024-10-17 03:07:28
S8592767,8,4,32,3,96,82,P246,P469,2024-10-17 03:42:53
S2476923,7,5,35,2,70,56,P261,P153,2024-10-17 03:47:49
S2907911,9,4,36,3,108,93,P205,P583,2024-10-17 03:47:54
S7559891,4,5,20,1,20,11,P612,P928,2024-10-17 03:48:17
S0998028,8,3,24,2,48,36,P261,P387,2024-10-17 04:03:08
S1873763,7,2,14,1,14,3,P205,P847,2024-10-17 04:06:43
S9134665,8,3,24,1,24,16,P583,P149,2024-10-17 04:17:00
S9656139,2,3,6,2,12,0,P261,P469,2024-10-17 04:18:49
S0604620,6,3,18,2,36,24,P224,P688,2024-10-17 04:23:13
S9510680,4,2,8,3,24,11,P583,P469,2024-10-17 04:35:07
S6398617,3,4,12,3,36,27,P552,P791,2024-10-17 04:36:14
S0312474,6,5,30,2,60,47,P783,P789,2024-10-17 04:37:28
S4738357,6,5,30,1,30,19,P469,P583,2024-10-17 04:40:14
S1680267,8,4,32,3,96,85,P261,P387,2024-10-17 04:42:55
S4599926,8,4,32,3,96,84,P612,P854,2024-10-17 04:43:48
S0830750,8,3,24,1,24,10,P469,P789,2024-10-17 04:45:24
S7070406,3,3,9,2,18,10,P878,P847,2024-10-17 04:54:55
S9890755,2,2,4,1,4,0,P149,P864,2024-10-17 05:08:11
S1828140,5,2,10,2,20,12,P392,P469,2024-10-17 05:10:17
S0813815,6,5,30,1,30,22,P149,P393,2024-10-17 05:26:23
S2947774,3,3,9,2,18,1,P393,P940,2024-10-17 05:30:39
S7773165,4,2,8,2,16,4,P783,P928,2024-10-17 05:33:45
S7407143,4,5,20,2,40,32,P847,P149,2024-10-17 05:34:47
S0163078,2,2,4,1,4,0,P864,P153,2024-10-17 05:45:06
S2023161,6,5,30,2,60,52,P392,P791,2024-10-17 05:46:02
S7797304,4,3,12,2,24,14,P261,P246,2024-10-17 05:50:11
S2741905,2,4,8,3,24,16,P940,P246,2024-10-17 05:58:28
S3495588,9,4,36,2,72,61,P783,P472,2024-10-17 05:59:00
S1275298,4,4,16,3,48,34,P864,P583,2024-10-17 06:03:18
S2199269,9,2,18,1,18,1,P153,P783,2024-10-17 06:08:56
S3764783,4,2,8,3,24,17,P366,P789,2024-10-17 06:14:02
S6789411,5,4,20,3,60,52,P864,P783,2024-10-17 06:21:18
S0698849,5,2,10,2,20,8,P224,P469,2024-10-17 06:46:42
S3455964,2,4,8,3,24,16,P246,P224,2024-10-17 06:55:32
S5980181,6,4,24,1,24,10,P791,P847,2024-10-17 07:03:56
S2783181,2,4,8,3,24,13,P847,P940,2024-10-17 07:06:13
S8320593,8,5,40,3,120,107,P878,P928,2024-10-17 07:09:01
S4876504,7,4,28,2,56,45,P472,P149,2024-10-17 07:16:58
S1626418,7,5,35,2,70,54,P153,P688,2024-10-17 07:21:06
S2279177,2,2,4,2,8,0,P552,P366,2024-10-17 07:28:32
S8765769,7,4,28,1,28,14,P847,P854,2024-10-17 07:29:43
S9952578,3,5,15,3,45,36,P789,P153,2024-10-17 07:30:19
S5355368,6,3,18,3,54,46,P393,P261,2024-10-17 07:36:17
S7854745,6,4,24,2,48,36,P583,P469,2024-10-17 07:40:48
S9600232,8,4,32,2,64,55,P552,P688,2024-10-17 07:41:05
S1858547,4,3,12,1,12,1,P928,P864,2024-10-17 07:59:19
S4722037,2,2,4,1,4,0,P791,P928,2024-10-17 08:03:18
S9272381,2,5,10,2,20,9,P854,P688,2024-10-17 08:17:57
S6021188,6,3,18,3,54,43,P205,P469,2024-10-17 08:27:55
S5701697,9,5,45,3,135,126,P393,P261,2024-10-17 08:31:15
S7122696,5,5,25,3,75,65,P878,P469,2024-10-17 08:33:02
S8784664,6,5,30,2,60,57,P261,P552,2024-10-17 08:33:24
S5065571,3,2,6,3,18,10,P791,P583,2024-10-17 08:34:42
S2598592,7,5,35,1,35,29,P783,P149,2024-10-17 08:46:35
S3656333,5,4,20,1,20,10,P789,P791,2024-10-17 08:46:49
S2535207,9,4,36,1,36,29,P612,P791,2024-10-17 08:48:21
S2046033,4,5,20,2,40,26,P387,P149,2024-10-17 09:05:06
S7799203,4,2,8,2,16,5,P469,P472,2024-10-17 09:17:21
S7539417,7,5,35,2,70,57,P878,P854,2024-10-17 09:25:42
S3179413,2,2,4,3,12,0,P552,P878,2024-10-17 09:29:16
S3291982,3,4,12,3,36,25,P940,P928,2024-10-17 09:34:17
S9243715,8,3,24,1,24,11,P224,P847,2024-10-17 09:36:48
S2147177,6,2,12,1,12,6,P205,P387,2024-10-17 09:41:51
S9255104,8,4,32,1,32,18,P153,P205,2024-10-17 09:42:28
S5939033,3,4,12,2,24,14,P261,P583,2024-10-17 09:45:33
S6496489,9,5,45,3,135,130,P940,P469,2024-10-17 09:51:52
S8959125,3,5,15,1,15,7,P246,P472,2024-10-17 10:06:37
S2178653,3,3,9,2,18,6,P205,P847,2024-10-17 10:06:55
S3790345,2,2,4,1,4,0,P552,P940,2024-10-17 10:23:52
S9830097,9,4,36,3,108,102,P393,P688,2024-10-17 10:33:44
S0184682,3,2,6,1,6,0,P387,P612,2024-10-17 10:36:11
S4627698,8,3,24,2,48,33,P469,P472,2024-10-17 10:40:25
S7087435,8,5,40,2,80,66,P205,P583,2024-10-17 10:42:23
S7493642,9,4,36,2,72,55,P940,P612,2024-10-17 10:54:37
S9122225,3,2,6,3,18,8,P789,P791,2024-10-17 10:59:04
S1321168,8,4,32,1,32,22,P153,P789,2024-10-17 11:03:07
S9873349,2,4,8,3,24,13,P246,P791,2024-10-17 11:04:19
S0815668,4,5,20,3,60,45,P783,P205,2024-10-17 11:06:09
S2815542,3,3,9,2,18,14,P783,P612,2024-10-17 11:13:42
S0178669,3,3,9,1,9,0,P783,P224,2024-10-17 11:25:10
S6062261,9,5,45,2,90,72,P847,P688,2024-10-17 11:27:43
S2714550,3,3,9,3,27,21,P583,P392,2024-10-17 11:29:06
S6267210,7,2,14,3,42,35,P153,P246,2024-10-17 11:33:05
S2472199,4,2,8,1,8,0,P261,P583,2024-10-17 11:33:34
S2929615,9,5,45,1,45,30,P366,P246,2024-10-17 11:40:03
S6916042,2,2,4,1,4,0,P366,P552,2024-10-17 11:59:15
S9048275,7,5,35,2,70,60,P854,P878,2024-10-17 11:59:35
S4470141,6,4,24,2,48,37,P552,P392,2024-10-17 12:01:23
S7591642,5,2,10,1,10,0,P472,P928,2024-10-17 12:02:52
S9162666,7,3,21,2,42,35,P153,P583,2024-10-17 12:03:28
S4096055,5,5,25,2,50,42,P392,P552,2024-10-17 12:10:10
S3806059,9,5,45,2,90,77,P789,P392,2024-10-17 12:13:20
S5749765,9,5,45,3,135,128,P612,P940,2024-10-17 12:36:10
S7529152,4,5,20,3,60,54,P552,P783,2024-10-17 12:38:00
S9288680,6,4,24,2,48,40,P878,P224,2024-10-17 12:41:21
S0708507,7,3,21,1,21,10,P583,P366,2024-10-17 12:41:56
S8376468,6,4,24,1,24,10,P940,P688,2024-10-17 12:46:19
S8676298,5,4,20,2,40,30,P472,P783,2024-10-17 12:57:46
S9910531,2,5,10,3,30,18,P847,P392,2024-10-17 12:59:15
S4148857,3,2,6,3,18,9,P854,P789,2024-10-17 13:04:25
S4422030,9,5,45,3,135,129,P864,P149,2024-10-17 13:09:08
S0676746,3,5,15,2,30,21,P366,P789,2024-10-17 13:11:43
S1817881,6,2,12,1,12,2,P854,P928,2024-10-17 13:13:43
S9656621,9,3,27,2,54,45,P472,P149,2024-10-17 13:28:06
S0802572,5,2,10,3,30,27,P205,P392,2024-10-17 13:37:41
S6941366,7,2,14,2,28,19,P472,P928,2024-10-17 13:38:12
S8864839,7,3,21,1,21,13,P583,P847,2024-10-17 13:39:20
S1608106,5,4,20,2,40,24,P366,P552,2024-10-17 13:41:28
S0224263,5,5,25,1,25,13,P864,P789,2024-10-17 13:41:44
S3893805,3,4,12,3,36,31,P791,P205,2024-10-17 13:42:00
S4085070,4,5,20,1,20,8,P612,P392,2024-10-17 13:47:21
S1926288,7,4,28,2,56,48,P864,P393,2024-10-17 13:49:16
S4587085,3,3,9,2,18,11,P205,P469,2024-10-17 13:57:57
S3041456,3,4,12,3,36,24,P469,P791,2024-10-17 13:59:58
S8310294,8,3,24,2,48,34,P205,P583,2024-10-17 14:07:47
S4165878,3,2,6,2,12,3,P261,P472,2024-10-17 14:11:25
S1013345,4,5,20,1,20,11,P387,P472,2024-10-17 14:20:28
S6414044,4,5,20,3,60,49,P366,P387,2024-10-17 14:21:07
S7125390,6,4,24,2,48,41,P149,P864,2024-10-17 14:30:23
S2071566,3,2,6,1,6,0,P789,P261,2024-10-17 14:35:05
S2747293,3,5,15,3,45,37,P261,P153,2024-10-17 14:38:28
S6243441,5,5,25,1,25,17,P149,P928,2024-10-17 14:43:25
S1408239,9,2,18,2,36,31,P153,P612,2024-10-17 14:43:52
S6958225,5,2,10,2,20,14,P878,P789,2024-10-17 14:46:52
S8844073,9,3,27,3,81,70,P205,P387,2024-10-17 15:00:04
S1020461,9,3,27,2,54,45,P789,P583,2024-10-17 15:11:49
S1820006,6,4,24,1,24,5,P149,P789,2024-10-17 15:12:24
S9969571,2,5,10,3,30,21,P612,P205,2024-10-17 15:12:43
S2164360,5,4,20,2,40,29,P472,P366,2024-10-17 15:16:55
S9580709,3,5,15,2,30,19,P392,P783,2024-10-17 15:22:43
S7527511,8,5,40,3,120,108,P583,P791,2024-10-17 15:29:08
S2375718,2,4,8,1,8,0,P472,P864,2024-10-17 15:50:36
S1003667,6,5,30,3,90,79,P583,P928,2024-10-17 15:52:14
S1466024,6,3,18,3,54,42,P583,P261,2024-10-17 16:23:17
S8941140,4,3,12,2,24,17,P864,P261,2024-10-17 16:24:08
S8831549,4,2,8,2,16,4,P864,P469,2024-10-17 16:35:15
S9698822,9,5,45,2,90,79,P583,P392,2024-10-17 16:43:54
S9369588,6,4,24,2,48,38,P789,P205,2024-10-17 16:46:44
S6803096,3,5,15,2,30,16,P878,P552,2024-10-17 16:54:49
S6730455,2,2,4,3,12,2,P789,P847,2024-10-17 17:09:27
S9595952,6,5,30,3,90,80,P612,P261,2024-10-17 17:09:50
S6366386,3,3,9,2,18,10,P552,P789,2024-10-17 17:11:06
S9728073,7,3,21,3,63,52,P791,P393,2024-10-17 17:13:58
S3775817,5,2,10,2,20,12,P878,P149,2024-10-17 17:23:54
S0176938,4,2,8,1,8,0,P552,P261,2024-10-17 17:33:21
S6369291,9,5,45,2,90,80,P940,P783,2024-10-17 17:35:49
S4052142,4,4,16,2,32,23,P205,P366,2024-10-17 17:36:05
S7053655,3,4,12,2,24,8,P854,P791,2024-10-17 17:36:42
S7413879,4,3,12,2,24,14,P387,P205,2024-10-17 17:39:05
S4495462,7,5,35,1,35,23,P583,P149,2024-10-17 17:41:46
S8882745,9,3,27,1,27,19,P928,P393,2024-10-17 17:46:41
S7553140,5,2,10,1,10,4,P928,P847,2024-10-17 17:48:26
S7761362,3,2,6,2,12,2,P393,P261,2024-10-17 17:48:57
S3637579,2,3,6,1,6,0,P789,P854,2024-10-17 18:08:18
S0602899,5,3,15,3,45,36,P864,P791,2024-10-17 18:24:49
S0499666,3,2,6,1,6,0,P612,P940,2024-10-17 18:29:10
S6761879,9,5,45,1,45,35,P552,P387,2024-10-17 18:32:31
S8393665,6,4,24,3,72,60,P552,P387,2024-10-17 18:49:10
S5006551,5,4,20,2,40,29,P783,P469,2024-10-17 18:49:41
S1371924,9,4,36,3,108,97,P940,P387,2024-10-17 19:18:29
S0096210,5,3,15,1,15,0,P847,P688,2024-10-17 19:23:12
S0486760,3,5,15,1,15,6,P149,P864,2024-10-17 19:24:07
S0882621,7,3,21,1,21,14,P552,P789,2024-10-17 19:30:58
S0260500,6,5,30,3,90,83,P261,P940,2024-10-17 19:49:26
S4097616,7,5,35,2,70,57,P224,P246,2024-10-17 20:00:25
S3799082,5,2,10,1,10,1,P847,P791,2024-10-17 20:04:02
S0406398,9,5,45,3,135,129,P246,P393,2024-10-17 20:05:36
S5427351,2,2,4,3,12,1,P928,P472,2024-10-17 20:11:07
S6704338,2,5,10,3,30,19,P928,P393,2024-10-17 20:12:21
S7246652,3,5,15,2,30,20,P878,P854,2024-10-17 20:25:15
S2043675,3,2,6,3,18,6,P205,P552,2024-10-17 20:35:08
S5810569,6,3,18,2,36,28,P864,P854,2024-10-17 20:38:07
S2841517,4,4,16,2,32,17,P847,P261,2024-10-17 20:46:40
S2964498,4,2,8,1,8,1,P688,P149,2024-10-17 20:49:08
S1290773,2,5,10,1,10,0,P928,P688,2024-10-17 20:55:10
S7443483,8,4,32,3,96,85,P612,P789,2024-10-17 20:55:26
S1172953,8,4,32,3,96,86,P789,P583,2024-10-17 21:02:53
S8406286,2,5,10,3,30,15,P366,P878,2024-10-17 21:06:08
S5912540,6,2,12,1,12,3,P688,P854,2024-10-17 21:08:03
S3621131,9,3,27,2,54,44,P847,P940,2024-10-17 21:08:34
S5214281,7,3,21,1,21,9,P552,P261,2024-10-17 21:13:39
S1509595,3,5,15,3,45,31,P366,P469,2024-10-17 21:28:52
S6374312,6,5,30,1,30,21,P205,P387,2024-10-17 21:41:46
S2988430,5,2,10,3,30,24,P392,P469,2024-10-17 21:43:34
S3071561,9,2,18,3,54,45,P940,P149,2024-10-17 21:48:08
S9028191,6,4,24,1,24,18,P149,P878,2024-10-17 22:01:10
S7496489,5,5,25,1,25,16,P791,P392,2024-10-17 22:12:59
S8146344,8,4,32,1,32,17,P791,P205,2024-10-17 22:20:09
S0682698,3,5,15,1,15,4,P149,P205,2024-10-17 22:20:58
S3586649,9,2,18,1,18,8,P366,P387,2024-10-17 22:28:20
S4981927,3,4,12,3,36,28,P472,P393,2024-10-17 22:28:42
S9116925,4,3,12,1,12,0,P366,P940,2024-10-17 22:32:06
S5159566,4,4,16,2,32,20,P366,P153,2024-10-17 22:40:48
S9937639,3,5,15,3,45,33,P149,P261,2024-10-17 22:54:46
S3419445,2,4,8,3,24,13,P472,P789,2024-10-17 22:56:16
